{"assets/animations/README.md":["assets/animations/README.md"],"assets/icons/.gitkeep":["assets/icons/.gitkeep"],"assets/illustrations/README.md":["assets/illustrations/README.md"],"assets/images/.gitkeep":["assets/images/.gitkeep"],"assets/logos/.gitkeep":["assets/logos/.gitkeep"],"assets/videos/README.md":["assets/videos/README.md"],"packages/cupertino_icons/assets/CupertinoIcons.ttf":["packages/cupertino_icons/assets/CupertinoIcons.ttf"],"packages/font_awesome_flutter/lib/fonts/Font-Awesome-7-Brands-Regular-400.otf":["packages/font_awesome_flutter/lib/fonts/Font-Awesome-7-Brands-Regular-400.otf"],"packages/font_awesome_flutter/lib/fonts/Font-Awesome-7-Free-Regular-400.otf":["packages/font_awesome_flutter/lib/fonts/Font-Awesome-7-Free-Regular-400.otf"],"packages/font_awesome_flutter/lib/fonts/Font-Awesome-7-Free-Solid-900.otf":["packages/font_awesome_flutter/lib/fonts/Font-Awesome-7-Free-Solid-900.otf"],"packages/wakelock_plus/assets/no_sleep.js":["packages/wakelock_plus/assets/no_sleep.js"]}